ts_ns,session_vwap,rolling_vwap,running_high,running_low,dist_from_high
1754092800000000000,21000.66,nan,21001.939999999999,20999.09,0.34736842105209409
1754092860000000000,21000.66,nan,21004.16,20998.75,0.94085027726437753
1754092920000000000,20999.983237154494,nan,21004.16,20996.470000000001,0.97529258777649896
1754092980000000000,20998.616827873117,nan,21004.16,20991.700000000001,0.92536115569820576
1754093040000000000,20996.813819840369,nan,21004.16,20986.950000000001,0.68332364904119669
1754093100000000000,20996.655766314969,nan,21004.16,20986.950000000001,0.39337594421852295
1754093160000000000,20996.856488305573,nan,21004.16,20986.950000000001,0.40615920976188002
1754093220000000000,20996.766947914388,nan,21004.16,20986.950000000001,0.43927948866947664
1754093280000000000,20996.828343393699,nan,21004.16,20986.950000000001,0.44857640906458779
1754093340000000000,20996.822258624972,nan,21004.16,20986.950000000001,0.47646717024992119
1754093400000000000,20996.828670097202,nan,21004.16,20986.950000000001,0.37245787332947006
1754093460000000000,20996.825399143305,nan,21004.16,20986.950000000001,0.42242882045327168
1754093520000000000,20996.912045067857,nan,21004.16,20986.950000000001,0.1754793724579076
1754093580000000000,20997.107472070478,nan,21004.16,20986.950000000001,0.3771063335271313
1754093640000000000,20997.027251616106,nan,21004.16,20986.950000000001,0.42126670540385636
1754093700000000000,20997.190235357495,nan,21004.16,20986.950000000001,0.24230098779770282
1754093760000000000,20997.599889951096,nan,21004.16,20986.950000000001,0.098198721673374553
1754093820000000000,20997.85058142223,nan,21005.32,20986.950000000001,0.34948285247678879
1754093880000000000,20997.890024071563,nan,21005.32,20986.950000000001,0.23353293413179702
1754093940000000000,20997.954006956363,20997.954006956363,21005.32,20986.950000000001,0.4442025040827603
1754094000000000000,20997.891909051163,20997.845513715383,21005.32,20986.950000000001,0.4768644529122964
1754094060000000000,20997.764531412733,20997.574880098,21005.32,20986.950000000001,0.50952640174203057
1754094120000000000,20997.570185066128,20997.380871078483,21005.32,20986.950000000001,0.56124115405562769
1754094180000000000,20997.44771792254,20997.327109653717,21005.32,20986.950000000001,0.69025585193255279
1754094240000000000,20997.351150293576,20997.428326645928,21005.32,20986.950000000001,0.59009254218839124
1754094300000000000,20997.227749952643,20997.326254332307,21005.32,20986.950000000001,0.63473053892218301
1754094360000000000,20997.115157012679,20997.179022247154,21005.32,20986.950000000001,0.71965160587925403
1754094420000000000,20996.894635337234,20996.930122356451,21005.32,20986.950000000001,0.61350027218296466
1754094480000000000,20996.864845022767,20996.87601509213,21005.32,20986.950000000001,0.56505171475240035
1754094540000000000,20996.849845550812,20996.859582145684,21005.32,20986.950000000001,0.33968426782788835
1754094600000000000,20996.911427744122,20996.945721722423,21005.32,20986.950000000001,0.44365813826902051
1754094660000000000,20996.914024049936,20996.959464553129,21005.32,20986.950000000001,0.45672291780075575
1754094720000000000,20996.921042145816,20996.925819071617,21005.32,20986.950000000001,0.47359825802946165
1754094780000000000,20996.848818683637,20996.703469332744,21005.32,20986.950000000001,0.58845944474697387
1754094840000000000,20996.819360850357,20996.689605027332,21005.32,20986.950000000001,0.57430593358736293
1754094900000000000,20996.770793670392,20996.49431632425,21005.32,20986.950000000001,0.47958628198158942
1754094960000000000,20996.759289865164,20996.099843321943,21005.32,20986.950000000001,0.61077844311386975
1754095020000000000,20996.733268449956,20995.743999712002,21005.32,20986.950000000001,0.53293413173660398
1754095080000000000,20996.68583634176,20995.566392465225,21005.32,20986.950000000001,0.67555797495920211
1754095140000000000,20996.587885441331,20995.304807710716,21005.32,20986.950000000001,0.58573761567768079
1754095200000000000,20996.542642562581,20995.136791650548,21005.32,20986.950000000001,0.6804572672836523
1754095260000000000,20996.352473743533,20994.755256869244,21005.32,20986.950000000001,0.76918889493749598
1754095320000000000,20996.169182754387,20994.48272434805,21005.32,20986.950000000001,0.69515514425700298
1754095380000000000,20996.094048126688,20994.446948543293,21005.32,20986.950000000001,0.5155144256941584
1754095440000000000,20996.086110569398,20994.502997237174,21005.32,20986.950000000001,0.59771366358193645
1754095500000000000,20996.011114237281,20994.454055444137,21005.32,20986.950000000001,0.66303756124120672
1754095560000000000,20996.006773105128,20994.601908964876,21005.32,20986.950000000001,0.37942297223742788
1754095620000000000,20996.046936480194,20994.880294079081,21005.32,20986.950000000001,0.40391943385948098
1754095680000000000,20996.10976521768,20995.123112927307,21005.32,20986.950000000001,0.38867719107239052
1754095740000000000,20996.211150854746,20995.333496427411,21005.32,20986.950000000001,0.26401741970597786
1754095800000000000,20996.296835649635,20995.42722691752,21005.32,20986.950000000001,0.25802939575385003
1754095860000000000,20996.411947978937,20995.721427376709,21005.32,20986.950000000001,0.34240609689718138
1754095920000000000,20996.446573855319,20995.795369031235,21005.32,20986.950000000001,0.24442025040817703
1754095980000000000,20996.475924040184,20995.912146150822,21005.32,20986.950000000001,0.2346216657594746
1754096040000000000,20996.597117070127,20996.264192308205,21005.32,20986.950000000001,0.20195971692974049
1754096100000000000,20996.680602719345,20996.535194540666,21005.32,20986.950000000001,0.16004354926504374
1754096160000000000,20996.699116755077,20996.600471660338,21005.32,20986.950000000001,0.30103429504622442
1754096220000000000,20996.81422360097,20996.941760302485,21005.619999999999,20986.950000000001,0.24692019282276451
1754096280000000000,20996.848061066852,20997.105646026866,21005.619999999999,20986.950000000001,0.18050348152111925
1754096340000000000,20996.939705068322,20997.540040398566,21005.619999999999,20986.950000000001,0.23245848955546605
1754096400000000000,20997.026366212685,20997.838527973945,21005.619999999999,20986.950000000001,0.33851098018212639
1754096460000000000,20997.078673874475,20998.331563713393,21005.619999999999,20986.950000000001,0.33369041242636027
1754096520000000000,20997.091841994636,20998.801713724231,21005.619999999999,20986.950000000001,0.41242635243714237
1754096580000000000,20997.109123361861,20999.125528778615,21005.619999999999,20986.950000000001,0.34172469201917394
1754096640000000000,20997.097998144658,20999.059476868297,21005.619999999999,20986.950000000001,0.55436529191213246
1754096700000000000,20997.071546644609,20999.212114251157,21005.619999999999,20986.950000000001,0.59882163899310858
1754096760000000000,20997.003025132544,20999.153836740999,21005.619999999999,20986.950000000001,0.80503481521158227
1754096820000000000,20996.91427542597,20998.772614607169,21005.619999999999,20986.950000000001,0.76379217996784854
1754096880000000000,20996.85002745864,20998.542772304118,21005.619999999999,20986.799999999999,0.61530286928790046
1754096940000000000,20996.806134769038,20998.21737558976,21005.619999999999,20986.799999999999,0.5940488841658057
1754097000000000000,20996.746272236269,20997.829761967554,21005.619999999999,20986.799999999999,0.6137088204037966
1754097060000000000,20996.731153921759,20997.552678383294,21005.619999999999,20986.799999999999,0.42029755579170969
1754097120000000000,20996.736069393311,20997.507338145486,21005.619999999999,20986.799999999999,0.3182784272049976
1754097180000000000,20996.747393614343,20997.47317270709,21005.619999999999,20986.799999999999,0.44633368756630964
1754097240000000000,20996.728924118655,20997.08823841971,21005.619999999999,20986.799999999999,0.47396386822520681
1754097300000000000,20996.720773698264,20996.83711466175,21005.619999999999,20986.799999999999,0.51912858661002059
1754097360000000000,20996.674775326166,20996.608767413651,21005.619999999999,20986.799999999999,0.698193411264592
1754097420000000000,20996.608063774296,20996.028805215294,21005.619999999999,20986.799999999999,0.57385759829965144
1754097480000000000,20996.58458526749,20995.844389859893,21005.619999999999,20986.799999999999,0.61424017003176679
1754097540000000000,20996.576460574004,20995.492754464125,21005.619999999999,20986.799999999999,0.59723698193401364
1754097600000000000,20996.551612229567,20995.031880963601,21005.619999999999,20986.799999999999,0.73166843783212798
1754097660000000000,20996.441166771885,20994.361328915013,21005.619999999999,20986.799999999999,0.87194473963868802
1754097720000000000,20996.373292367127,20993.940909187291,21005.619999999999,20983.380000000001,0.95008992805752324
1754097780000000000,20996.302159359711,20993.537768375791,21005.619999999999,20979.810000000001,0.94846958543207172
1754097840000000000,20996.188753129623,20992.974112441632,21005.619999999999,20975.669999999998,0.78096828046740729
1754097900000000000,20995.948947302099,20991.978402585657,21005.619999999999,20975.669999999998,0.84307178631049706
1754097960000000000,20995.795800463107,20991.410669949411,21005.619999999999,20975.669999999998,0.83439065108505361
1754098020000000000,20995.511942265206,20990.464353520336,21005.619999999999,20975,0.87426518615288462
1754098080000000000,20995.175668098385,20989.267380687026,21005.619999999999,20973.709999999999,0.98809150736443052
1754098140000000000,20994.809050325584,20987.760315204119,21005.619999999999,20972.049999999999,0.92165624069106222
1754098200000000000,20994.685233236607,20986.82779362096,21005.619999999999,20972.049999999999,0.90735775990465861
1754098260000000000,20994.572715829639,20986.236651939602,21005.619999999999,20972.049999999999,0.93357164134645265
1754098320000000000,20994.432124670748,20985.590409569908,21005.619999999999,20972.049999999999,0.90437890974086521
1754098380000000000,20994.383944618912,20985.079640155451,21005.619999999999,20972.049999999999,0.89425081918381577
1754098440000000000,20994.183937119837,20983.660988945452,21005.619999999999,20972.049999999999,0.86207923741432657
1754098500000000000,20994.113098708229,20983.236738171774,21005.619999999999,20972.049999999999,0.83586535597253242
1754098560000000000,20993.875950741127,20981.831289435006,21005.619999999999,20972.049999999999,0.80250223413759081
1754098620000000000,20993.611313330439,20980.633350298496,21005.619999999999,20972.049999999999,0.78254393803993638
1754098680000000000,20993.429850104818,20979.971779939769,21005.619999999999,20972.049999999999,0.78284182305627237
1754098740000000000,20993.369311307702,20979.766509213907,21005.619999999999,20972.049999999999,0.83765266607087352
1754098800000000000,20993.284556269886,20979.113750115564,21005.619999999999,20972.049999999999,0.93297587131367232
1754098860000000000,20993.03413382257,20977.551461292263,21005.619999999999,20969.25,0.86692328842451793
1754098920000000000,20992.86398448758,20977.052199794685,21005.619999999999,20969.25,0.88149573824576766
1754098980000000000,20992.534130866894,20976.558766942733,21005.619999999999,20969.25,0.92906241407748646
1754099040000000000,20992.21249115665,20976.103363321061,21005.619999999999,20968.549999999999,0.9398435392500788
1754099100000000000,20992.046212885198,20975.616501793058,21005.619999999999,20968.549999999999,0.99730240086317279
1754099160000000000,20991.826002701222,20975.045410891988,21005.619999999999,20965.630000000001,0.97049262315578022
1754099220000000000,20991.62824161183,20974.429924632794,21005.619999999999,20965.220000000001,0.99628712871292513
1754099280000000000,20991.490831799478,20974.055342908934,21005.619999999999,20965.220000000001,0.99678217821788639
1754099340000000000,20991.210321272796,20973.493572384315,21005.619999999999,20962.169999999998,0.88446490218641305
1754099400000000000,20991.050637282537,20973.171753560753,21005.619999999999,20961.919999999998,0.91464530892441331
1754099460000000000,20990.812106431189,20972.851265668956,21005.619999999999,20961.919999999998,0.82242562929057417
1754099520000000000,20990.576301392797,20972.507413655345,21005.619999999999,20961.919999999998,0.8295194508009015
1754099580000000000,20990.37638097844,20972.246173497606,21005.619999999999,20961.919999999998,0.91144164759719559
1754099640000000000,20990.061377561742,20971.574393796047,21005.619999999999,20960.779999999999,0.85570918822477382
1754099700000000000,20989.809430999885,20971.218952285111,21005.619999999999,20960.779999999999,0.84032114183764872
1754099760000000000,20989.670018662888,20970.593143100072,21005.619999999999,20960.779999999999,0.83987511150757654
1754099820000000000,20989.435853655574,20969.660461257212,21005.619999999999,20960.779999999999,0.8813559322033967
1754099880000000000,20989.391975248382,20969.097120194372,21005.619999999999,20960.779999999999,0.88693131132917724
1754099940000000000,20989.191585099099,20968.743290471852,21005.619999999999,20960.779999999999,0.8829170383586088
1754100000000000000,20989.08702513147,20968.582283035517,21005.619999999999,20960.779999999999,0.82024977698480639
1754100060000000000,20988.996973406138,20968.320232244048,21005.619999999999,20960.779999999999,0.82270294380016273
1754100120000000000,20988.859740562879,20968.044059605931,21005.619999999999,20960.779999999999,0.83987511150757654
1754100180000000000,20988.664147047155,20967.658141164957,21005.619999999999,20960.779999999999,0.81199821587867382
1754100240000000000,20988.575250331432,20967.314374135494,21005.619999999999,20960.779999999999,0.80820695807310095
1754100300000000000,20988.541512934313,20967.240898004005,21005.619999999999,20960.779999999999,0.76917930419263714
1754100360000000000,20988.360084786837,20967.440387466639,21005.619999999999,20960.779999999999,0.77564674397856204
1754100420000000000,20988.240766647876,20967.751716931947,21005.619999999999,20960.779999999999,0.74776984834965943
1754100480000000000,20988.180769770504,20967.996813562368,21005.619999999999,20960.779999999999,0.69357716324706609
1754100540000000000,20988.070670844223,20968.379737323346,21005.619999999999,20960.779999999999,0.81445138269403028
1754100600000000000,20987.975239270774,20968.465666426629,21005.619999999999,20960.779999999999,0.83652988403207573
1754100660000000000,20987.781968341569,20968.247711917331,21005.619999999999,20960.779999999999,0.93041926851020051
1754100720000000000,20987.703274478346,20968.142564002217,21005.619999999999,20960.759999999998,0.91529201961652118
1754100780000000000,20987.495660981156,20968.026762948917,21005.619999999999,20960.759999999998,0.82567989300037348
1754100840000000000,20987.455057245748,20968.229019081642,21005.619999999999,20960.759999999998,0.87226928221125444
1754100900000000000,20987.340048984162,20968.198627862643,21005.619999999999,20960.759999999998,0.90815871600529274
1754100960000000000,20987.080092529704,20967.803786440643,21005.619999999999,20960.759999999998,0.93379402585820048
1754101020000000000,20987.005332337681,20967.79934236965,21005.619999999999,20959.23,0.91830135805128432
1754101080000000000,20986.897813422474,20967.706672365977,21005.619999999999,20958.740000000002,0.81079351535837296
1754101140000000000,20986.745546368318,20967.862026431747,21005.619999999999,20958.740000000002,0.76322525597271407
1754101200000000000,20986.708266118301,20967.877551775178,21005.619999999999,20958.740000000002,0.79031569965873172
1754101260000000000,20986.461457495909,20967.668960460396,21005.619999999999,20958.740000000002,0.8628412969283914
1754101320000000000,20986.383452663264,20967.572450720992,21005.619999999999,20958.740000000002,0.86326791808873271
1754101380000000000,20986.155320756501,20967.265389347009,21005.619999999999,20958.740000000002,0.83511092150170663
1754101440000000000,20986.012034595693,20967.135190967772,21005.619999999999,20958.740000000002,0.76621160409556865
1754101500000000000,20985.923241355831,20967.339843693142,21005.619999999999,20958.740000000002,0.70029863481228549
1754101560000000000,20985.895713781651,20967.17953135959,21005.619999999999,20958.740000000002,0.73165529010241448
1754101620000000000,20985.832296620465,20967.198785840301,21005.619999999999,20958.740000000002,0.68430034129692618
1754101680000000000,20985.778310524413,20967.220435537492,21005.619999999999,20958.740000000002,0.64931740614335309
1754101740000000000,20985.724956709684,20967.365097037917,21005.619999999999,20958.740000000002,0.61945392491465145
1754101800000000000,20985.622972500951,20968.158094556627,21005.619999999999,20958.740000000002,0.63139931740614763
1754101860000000000,20985.526779028853,20969.233540208199,21005.619999999999,20958.740000000002,0.5763651877133521
1754101920000000000,20985.511484846244,20969.568726226684,21005.619999999999,20958.740000000002,0.5797781569966256
1754101980000000000,20985.484583217494,20970.129922935073,21005.619999999999,20958.740000000002,0.57828498293519837
1754102040000000000,20985.443849461037,20970.568772932729,21005.619999999999,20958.740000000002,0.55204778156994083
1754102100000000000,20985.413324328692,20971.134108989685,21005.619999999999,20958.740000000002,0.57380546075083871
1754102160000000000,20985.394231859438,20971.939654236496,21005.619999999999,20958.740000000002,0.56740614334471051
1754102220000000000,20985.3728240044,20972.417973503379,21005.619999999999,20958.740000000002,0.52282423208190631
1754102280000000000,20985.347499437503,20973.156006337966,21005.619999999999,20958.740000000002,0.52794368600685548
1754102340000000000,20985.342865445306,20973.631590005098,21005.619999999999,20958.740000000002,0.43515358361772521
1754102400000000000,20985.333262100979,20974.267773755138,21005.619999999999,20958.740000000002,0.44091296928326384
1754102460000000000,20985.346404782758,20976.257586192154,21005.619999999999,20958.740000000002,0.41147610921498107
1754102520000000000,20985.355897266614,20976.993801112811,21005.619999999999,20958.740000000002,0.31186006825938134
1754102580000000000,20985.400098732127,20979.116614769246,21005.619999999999,20958.740000000002,0.31399317406139821
1754102640000000000,20985.458211698104,20980.904602031093,21005.619999999999,20958.740000000002,0.26855802047783384
1754102700000000000,20985.514344673335,20982.227502936541,21005.619999999999,20958.740000000002,0.33404436860069814
1754102760000000000,20985.525867963261,20982.610887565432,21005.619999999999,20958.740000000002,0.35665529010235625
1754102820000000000,20985.550515640873,20983.382969136554,21005.619999999999,20958.740000000002,0.35793515358361289
1754102880000000000,20985.573771961728,20984.03433050515,21005.619999999999,20958.740000000002,0.35473549488051004
1754102940000000000,20985.579561582283,20984.444247351068,21005.619999999999,20958.740000000002,0.336177474402715
1754103000000000000,20985.612450434201,20985.527552541746,21005.619999999999,20958.740000000002,0.30162116040956077
1754103060000000000,20985.635426616285,20986.582191224181,21005.619999999999,20958.740000000002,0.3216723549487831
1754103120000000000,20985.643076772907,20986.799727021542,21005.619999999999,20958.740000000002,0.34620307167236497
1754103180000000000,20985.654202670758,20987.151407478221,21005.619999999999,20958.740000000002,0.36966723549486086
1754103240000000000,20985.655820153857,20987.604231677884,21005.619999999999,20958.740000000002,0.44176621160410162
1754103300000000000,20985.653586247001,20987.902398735354,21005.619999999999,20958.740000000002,0.42939419795218653
1754103360000000000,20985.653680725045,20988.070553299116,21005.619999999999,20958.740000000002,0.42470136518773394
1754103420000000000,20985.663378403893,20988.376033737175,21005.619999999999,20958.740000000002,0.32999146757675746
1754103480000000000,20985.687666736994,20988.73727529918,21005.619999999999,20958.740000000002,0.39035836177475031
1754103540000000000,20985.698617625367,20988.783717726525,21005.619999999999,20958.740000000002,0.3948378839590323
1754103600000000000,20985.695866331353,20988.88175655574,21005.619999999999,20958.740000000002,0.48592150170648696
1754103660000000000,20985.685486391252,20988.945327376168,21005.619999999999,20958.740000000002,0.5891638225256085
1754103720000000000,20985.610149919215,20987.924953096517,21005.619999999999,20958.740000000002,0.58724402730376224
1754103780000000000,20985.581841863725,20987.304024103811,21005.619999999999,20958.740000000002,0.50874573378839327
1754103840000000000,20985.573398068391,20986.754154988525,21005.619999999999,20958.740000000002,0.52133105802047897
1754103900000000000,20985.557658583581,20986.026463153172,21005.619999999999,20958.740000000002,0.51983788395905173
1754103960000000000,20985.540944826316,20985.704019771976,21005.619999999999,20958.740000000002,0.51407849829351304
1754104020000000000,20985.539352357449,20985.411172068325,21005.619999999999,20958.740000000002,0.39675767918087851
1754104080000000000,20985.543542696927,20985.188287540648,21005.619999999999,20958.740000000002,0.37798634812283527
1754104140000000000,20985.552199416972,20985.259451382772,21005.619999999999,20958.740000000002,0.41360921501707554
1754104200000000000,20985.553102777627,20984.871592318581,21005.619999999999,20958.740000000002,0.39611774744028894
1754104260000000000,20985.55457286106,20984.601763289575,21005.619999999999,20958.740000000002,0.38011945392492968
1754104320000000000,20985.562191478482,20984.631438487886,21005.619999999999,20958.740000000002,0.37670648464165618
1754104380000000000,20985.567162279713,20984.563497802734,21005.619999999999,20958.740000000002,0.42022184300345194
1754104440000000000,20985.571660803882,20984.665266222055,21005.619999999999,20958.740000000002,0.44645904436863182
1754104500000000000,20985.561580095033,20984.619542175587,21005.619999999999,20958.740000000002,0.48144197952220497
1754104560000000000,20985.561178798613,20984.594660563653,21005.619999999999,20958.740000000002,0.37542662116039949
1754104620000000000,20985.582775655319,20984.792230208517,21005.619999999999,20958.740000000002,0.34940273037539027
1754104680000000000,20985.603554463378,20984.734834657695,21005.619999999999,20958.740000000002,0.34641638225253563
1754104740000000000,20985.651574496325,20985.177433555273,21005.619999999999,20958.740000000002,0.25575938566549983
